garvagarwalla@gmail.com,192.168.85.86,224.0.0.251,2025-04-16 00:21:34,Windows 10,Chrome 135.0.0,Success,Mailasandra,Karnataka,India,12.9241444,77.5022538,16,captures/garvagarwalla@gmail.com_20250416_002136.pcapng
Garv98,127.0.0.1,127.0.0.1,2025-04-19 11:56:11,Windows 10,Chrome 135.0.0,Failure,Doddakannalli,Karnataka,India,12.9204224,77.6798208,1,captures/Garv98_20250419_115614.pcapng
Garv98,192.168.65.86,20.60.240.33,2025-04-19 13:24:36,Windows 10,Chrome 135.0.0,Failure,Doddakannalli,Karnataka,India,12.9204224,77.6798208,3,captures/Garv98_20250419_132438.pcapng
Greece,192.168.225.86,52.239.175.4,2025-04-19 14:59:31,Android 10,Chrome Mobile 135.0.0,Failure,N/A,Karnataka,India,12.9806782,77.7314071,1,captures/Greece_20250419_145933.pcapng
user992,13.203.1.146,192.168.225.86,2025-04-19 15:32:02,Other ,Python Requests 2.31,Failure,N/A,N/A,N/A,N/A,N/A,1,captures/user992_20250419_153202.pcapng
user739,3.231.140.122,192.168.225.86,2025-04-19 15:32:24,Other ,Python Requests 2.31,Failure,N/A,N/A,N/A,N/A,N/A,1,captures/user739_20250419_153224.pcapng
GX5OZtc17v,192.168.225.86,192.168.225.184,2025-04-19 15:32:46,Other ,Python Requests 2.31,Success,N/A,N/A,N/A,N/A,N/A,0,captures/GX5OZtc17v_20250419_153246.pcapng
user219,127.0.0.1,127.0.0.1,2025-04-19 15:33:09,Other ,Python Requests 2.31,Failure,N/A,N/A,N/A,N/A,N/A,1,captures/user219_20250419_153309.pcapng
user739,192.168.225.86,20.143.38.0,2025-04-19 15:33:31,Other ,Python Requests 2.31,Failure,N/A,N/A,N/A,N/A,N/A,2,captures/user739_20250419_153331.pcapng
user844,127.0.0.1,127.0.0.1,2025-04-19 15:33:53,Other ,Python Requests 2.31,Failure,N/A,N/A,N/A,N/A,N/A,1,captures/user844_20250419_153353.pcapng
user739,127.0.0.1,127.0.0.1,2025-04-19 15:34:16,Other ,Python Requests 2.31,Failure,N/A,N/A,N/A,N/A,N/A,3,captures/user739_20250419_153416.pcapng
zXp1dah,127.0.0.1,127.0.0.1,2025-04-19 15:34:38,Other ,Python Requests 2.31,Failure,N/A,N/A,N/A,N/A,N/A,1,captures/zXp1dah_20250419_153438.pcapng
user992,192.168.225.86,192.168.225.184,2025-04-19 15:35:01,Other ,Python Requests 2.31,Failure,N/A,N/A,N/A,N/A,N/A,2,captures/user992_20250419_153501.pcapng
6qNm0gx2,13.203.1.146,192.168.225.86,2025-04-19 15:35:24,Other ,Python Requests 2.31,Success,N/A,N/A,N/A,N/A,N/A,0,captures/6qNm0gx2_20250419_153524.pcapng
user726,192.168.225.86,20.60.194.225,2025-04-19 15:35:47,Other ,Python Requests 2.31,Failure,N/A,N/A,N/A,N/A,N/A,1,captures/user726_20250419_153547.pcapng
rHeDwF,127.0.0.1,127.0.0.1,2025-04-19 15:36:10,Other ,Python Requests 2.31,Success,N/A,N/A,N/A,N/A,N/A,0,captures/rHeDwF_20250419_153610.pcapng
GcGKymcGf,192.168.225.86,192.168.225.184,2025-04-19 15:36:33,Other ,Python Requests 2.31,Failure,N/A,N/A,N/A,N/A,N/A,1,captures/GcGKymcGf_20250419_153633.pcapng
user616,192.168.225.86,20.209.179.65,2025-04-19 15:36:56,Other ,Python Requests 2.31,Failure,N/A,N/A,N/A,N/A,N/A,1,captures/user616_20250419_153656.pcapng
adityaranjan.ai23,192.168.225.86,52.182.143.212,2025-04-21 13:28:14,Android 10,Chrome Mobile 135.0.0,Failure,Mailasandra,Karnataka,India,12.9226422,77.4987568,1,captures/adityaranjan.ai23_20250421_132816.pcapng
adityaranjan.ai23,192.168.225.86,192.168.225.86,2025-04-21 13:28:19,Android 10,Chrome Mobile 135.0.0,Failure,Mailasandra,Karnataka,India,12.9225991,77.4987805,2,captures/adityaranjan.ai23_20250421_132822.pcapng
adityaranjan.ai23,192.168.225.86,52.182.143.212,2025-04-21 13:29:11,Android 10,Chrome Mobile 135.0.0,Failure,Mailasandra,Karnataka,India,12.9225991,77.4987805,3,captures/adityaranjan.ai23_20250421_132914.pcapng
adityaranjan.ai23,192.168.225.86,20.209.179.65,2025-04-21 13:29:11,Android 10,Chrome Mobile 135.0.0,Failure,Mailasandra,Karnataka,India,12.9225991,77.4987805,4,captures/adityaranjan.ai23_20250421_132915.pcapng
adityaranjan.ai23,192.168.225.86,52.182.143.212,2025-04-21 13:29:41,Android 10,Chrome Mobile 135.0.0,Success,Mailasandra,Karnataka,India,12.9225991,77.4987805,4,captures/adityaranjan.ai23_20250421_132943.pcapng
